"Profile","Id","Path","Slice Name","Alias(s)","Label","Min","Max","Must Support?","Is Modifier?","Is Summary?","Type(s)","Short","Definition","Comments","Requirements","Default Value","Meaning When Missing","Fixed Value","Pattern","Example","Minimum Value","Maximum Value","Maximum Length","Binding Strength","Binding Description","Binding Value Set","Code","Slicing Discriminator","Slicing Description","Slicing Ordered","Slicing Rules","Base Path","Base Min","Base Max","Condition(s)","Constraint(s)"
"AcceptanceReview","AcceptanceReview","AcceptanceReview","","","",0,*,"","","","null {[]} {[]}
","Acceptance Review","A review where acknowledgment decisions are made about plan elements","","","","","","","","","",,,,,"",,,,"Base",0,*,"",""
"AcceptanceReview","AcceptanceReview.refersTo","AcceptanceReview.refersTo","","","",1,1,"","","","Reference {[]} {[CanonicalType[http://hl7.org/fhir/StructureDefinition/Patient]]}
","The patient this plan element pertains to","The patient this plan element pertains to","","","","","","","","","",,,,,"",,,,"PlanElement.refersTo",1,1,"",""
"AcceptanceReview","AcceptanceReview.hasAuthor","AcceptanceReview.hasAuthor","","","",1,*,"","","","Reference {[]} {[CanonicalType[http://hl7.org/dam/StructureDefinition/CareTeamMember]]}
","Who authored this plan element","Who authored this plan element","","","","","","","","","",,,,,"",,,,"PlanElement.hasAuthor",1,*,"",""
"AcceptanceReview","AcceptanceReview.contains","AcceptanceReview.contains","","","",0,1,"","","","Reference {[]} {[CanonicalType[http://hl7.org/dam/StructureDefinition/CarePlanManifestation]]}
","The care plan manifestation containing this element","The care plan manifestation containing this element","","","","","","","","","",,,,,"",,,,"PlanElement.contains",0,1,"",""
"AcceptanceReview","AcceptanceReview.review","AcceptanceReview.review","","","",1,1,"","","","http://hl7.org/dam/StructureDefinition/Review {[]} {[]}
","Review pattern properties","Review pattern properties","","","","","","","","","",,,,,"",,,,"AcceptanceReview.review",1,1,"",""
"AcceptanceReview","AcceptanceReview.decision","AcceptanceReview.decision","","","",1,1,"","","","code {[]} {[]}
","The acknowledgment decision","The acknowledgment decision","","","","","","","","","",,"required","","http://hl7.org/dam/ValueSet/acknowledgement-vs","",,,,"AcceptanceReview.decision",1,1,"",""
"AcceptanceReview","AcceptanceReview.mode","AcceptanceReview.mode","","","",1,1,"","","","code {[]} {[]}
","How the decision was made","How the decision was made","","","","","","","","","",,"required","","http://hl7.org/dam/ValueSet/decision-mode-vs","",,,,"AcceptanceReview.mode",1,1,"",""
"AcceptanceReview","AcceptanceReview.trigger","AcceptanceReview.trigger","","","",1,1,"","","","code {[]} {[]}
","What triggered this review","What triggered this review","","","","","","","","","",,"required","","http://hl7.org/dam/ValueSet/review-event-vs","",,,,"AcceptanceReview.trigger",1,1,"",""
"AcceptanceReview","AcceptanceReview.reviews","AcceptanceReview.reviews","","","",1,*,"","","","Reference {[]} {[CanonicalType[http://hl7.org/dam/StructureDefinition/Acknowledgeable]]}
","Elements being reviewed","Elements being reviewed","","","","","","","","","",,,,,"",,,,"AcceptanceReview.reviews",1,*,"",""
"Acknowledgeable","Acknowledgeable","Acknowledgeable","","","",0,*,"","","","","Acknowledgeable","Abstract pattern for elements that can be acknowledged or agreed upon","","","","","","","","","",,,,,"",,,,"Base",0,*,"",""
"ActivityExecution","ActivityExecution","ActivityExecution","","","",0,*,"","","","null {[]} {[]}
","Activity Execution","An execution of a planned activity","","","","","","","","","",,,,,"",,,,"Base",0,*,"",""
"ActivityExecution","ActivityExecution.refersTo","ActivityExecution.refersTo","","","",1,1,"","","","Reference {[]} {[CanonicalType[http://hl7.org/fhir/StructureDefinition/Patient]]}
","The patient this plan element pertains to","The patient this plan element pertains to","","","","","","","","","",,,,,"",,,,"PlanElement.refersTo",1,1,"",""
"ActivityExecution","ActivityExecution.hasAuthor","ActivityExecution.hasAuthor","","","",1,*,"","","","Reference {[]} {[CanonicalType[http://hl7.org/dam/StructureDefinition/CareTeamMember]]}
","Who authored this plan element","Who authored this plan element","","","","","","","","","",,,,,"",,,,"PlanElement.hasAuthor",1,*,"",""
"ActivityExecution","ActivityExecution.contains","ActivityExecution.contains","","","",0,1,"","","","Reference {[]} {[CanonicalType[http://hl7.org/dam/StructureDefinition/CarePlanManifestation]]}
","The care plan manifestation containing this element","The care plan manifestation containing this element","","","","","","","","","",,,,,"",,,,"PlanElement.contains",0,1,"",""
"ActivityExecution","ActivityExecution.performable","ActivityExecution.performable","","","",1,1,"","","","http://hl7.org/dam/StructureDefinition/Performable {[]} {[]}
","Performable pattern properties","Performable pattern properties","","","","","","","","","",,,,,"",,,,"ActivityExecution.performable",1,1,"",""
"ActivityExecution","ActivityExecution.kind","ActivityExecution.kind","","","",1,1,"","","","CodeableConcept {[]} {[]}
","Kind of activity execution","Kind of activity execution","","","","","","","","","",,,,,"",,,,"ActivityExecution.kind",1,1,"",""
"ActivityExecution","ActivityExecution.instantiates","ActivityExecution.instantiates","","","",1,1,"","","","Reference {[]} {[CanonicalType[http://hl7.org/dam/StructureDefinition/PlannedActivity]]}
","The planned activity being executed","The planned activity being executed","","","","","","","","","",,,,,"",,,,"ActivityExecution.instantiates",1,1,"",""
"ActivityOutcomeObservation","ActivityOutcomeObservation","ActivityOutcomeObservation","","","",0,*,"","","","null {[]} {[]}
","Activity Outcome Observation","An observation characterizing the outcome of an activity execution","","","","","","","","","",,,,,"",,,,"Base",0,*,"",""
"ActivityOutcomeObservation","ActivityOutcomeObservation.refersTo","ActivityOutcomeObservation.refersTo","","","",1,1,"","","","Reference {[]} {[CanonicalType[http://hl7.org/fhir/StructureDefinition/Patient]]}
","The patient this plan element pertains to","The patient this plan element pertains to","","","","","","","","","",,,,,"",,,,"PlanElement.refersTo",1,1,"",""
"ActivityOutcomeObservation","ActivityOutcomeObservation.hasAuthor","ActivityOutcomeObservation.hasAuthor","","","",1,*,"","","","Reference {[]} {[CanonicalType[http://hl7.org/dam/StructureDefinition/CareTeamMember]]}
","Who authored this plan element","Who authored this plan element","","","","","","","","","",,,,,"",,,,"PlanElement.hasAuthor",1,*,"",""
"ActivityOutcomeObservation","ActivityOutcomeObservation.contains","ActivityOutcomeObservation.contains","","","",0,1,"","","","Reference {[]} {[CanonicalType[http://hl7.org/dam/StructureDefinition/CarePlanManifestation]]}
","The care plan manifestation containing this element","The care plan manifestation containing this element","","","","","","","","","",,,,,"",,,,"PlanElement.contains",0,1,"",""
"ActivityOutcomeObservation","ActivityOutcomeObservation.performable","ActivityOutcomeObservation.performable","","","",1,1,"","","","http://hl7.org/dam/StructureDefinition/Performable {[]} {[]}
","Performable pattern properties","Performable pattern properties","","","","","","","","","",,,,,"",,,,"ActivityOutcomeObservation.performable",1,1,"",""
"ActivityOutcomeObservation","ActivityOutcomeObservation.propertyAssessed","ActivityOutcomeObservation.propertyAssessed","","","",1,1,"","","","CodeableConcept {[]} {[]}
","Property being assessed","Property being assessed","","","","","","","","","",,,,,"",,,,"ActivityOutcomeObservation.propertyAssessed",1,1,"",""
"ActivityOutcomeObservation","ActivityOutcomeObservation.result","ActivityOutcomeObservation.result","","","",1,1,"","","","string {[]} {[]}
","Result of the observation","Result of the observation","","","","","","","","","",,,,,"",,,,"ActivityOutcomeObservation.result",1,1,"",""
"ActivityOutcomeObservation","ActivityOutcomeObservation.method","ActivityOutcomeObservation.method","","","",1,1,"","","","CodeableConcept {[]} {[]}
","Method of observation","Method of observation","","","","","","","","","",,,,,"",,,,"ActivityOutcomeObservation.method",1,1,"",""
"ActivityOutcomeObservation","ActivityOutcomeObservation.characterizes","ActivityOutcomeObservation.characterizes","","","",1,1,"","","","Reference {[]} {[CanonicalType[http://hl7.org/dam/StructureDefinition/ActivityExecution]]}
","Activity execution being characterized","Activity execution being characterized","","","","","","","","","",,,,,"",,,,"ActivityOutcomeObservation.characterizes",1,1,"",""
"Barrier","Barrier","Barrier","","","",0,*,"","","","null {[]} {[]}
","Barrier","A barrier that impedes progress toward goals or planned activities","","","","","","","","","",,,,,"",,,,"Base",0,*,"",""
"Barrier","Barrier.refersTo","Barrier.refersTo","","","",1,1,"","","","Reference {[]} {[CanonicalType[http://hl7.org/fhir/StructureDefinition/Patient]]}
","The patient this plan element pertains to","The patient this plan element pertains to","","","","","","","","","",,,,,"",,,,"PlanElement.refersTo",1,1,"",""
"Barrier","Barrier.hasAuthor","Barrier.hasAuthor","","","",1,*,"","","","Reference {[]} {[CanonicalType[http://hl7.org/dam/StructureDefinition/CareTeamMember]]}
","Who authored this plan element","Who authored this plan element","","","","","","","","","",,,,,"",,,,"PlanElement.hasAuthor",1,*,"",""
"Barrier","Barrier.contains","Barrier.contains","","","",0,1,"","","","Reference {[]} {[CanonicalType[http://hl7.org/dam/StructureDefinition/CarePlanManifestation]]}
","The care plan manifestation containing this element","The care plan manifestation containing this element","","","","","","","","","",,,,,"",,,,"PlanElement.contains",0,1,"",""
"Barrier","Barrier.barrier","Barrier.barrier","","","",1,1,"","","","CodeableConcept {[]} {[]}
","The type of barrier","The type of barrier","","","","","","","","","",,,,,"",,,,"Barrier.barrier",1,1,"",""
"Barrier","Barrier.comment","Barrier.comment","","","",1,1,"","","","string {[]} {[]}
","Additional comments about the barrier","Additional comments about the barrier","","","","","","","","","",,,,,"",,,,"Barrier.comment",1,1,"",""
"Barrier","Barrier.impedesGoal","Barrier.impedesGoal","","","",1,*,"","","","Reference {[]} {[CanonicalType[http://hl7.org/dam/StructureDefinition/Goal]]}
","Goals impeded by this barrier","Goals impeded by this barrier","","","","","","","","","",,,,,"",,,,"Barrier.impedesGoal",1,*,"",""
"Barrier","Barrier.impedesActivity","Barrier.impedesActivity","","","",1,*,"","","","Reference {[]} {[CanonicalType[http://hl7.org/dam/StructureDefinition/PlannedActivity]]}
","Activities impeded by this barrier","Activities impeded by this barrier","","","","","","","","","",,,,,"",,,,"Barrier.impedesActivity",1,*,"",""
"CareDeliveryResource","CareDeliveryResource","CareDeliveryResource","","","",0,*,"","","","null {[]} {[]}
","Care Delivery Resource","A resource used in care delivery","","","","","","","","","",,,,,"",,,,"Base",0,*,"",""
"CareDeliveryResource","CareDeliveryResource.refersTo","CareDeliveryResource.refersTo","","","",1,1,"","","","Reference {[]} {[CanonicalType[http://hl7.org/fhir/StructureDefinition/Patient]]}
","The patient this plan element pertains to","The patient this plan element pertains to","","","","","","","","","",,,,,"",,,,"PlanElement.refersTo",1,1,"",""
"CareDeliveryResource","CareDeliveryResource.hasAuthor","CareDeliveryResource.hasAuthor","","","",1,*,"","","","Reference {[]} {[CanonicalType[http://hl7.org/dam/StructureDefinition/CareTeamMember]]}
","Who authored this plan element","Who authored this plan element","","","","","","","","","",,,,,"",,,,"PlanElement.hasAuthor",1,*,"",""
"CareDeliveryResource","CareDeliveryResource.contains","CareDeliveryResource.contains","","","",0,1,"","","","Reference {[]} {[CanonicalType[http://hl7.org/dam/StructureDefinition/CarePlanManifestation]]}
","The care plan manifestation containing this element","The care plan manifestation containing this element","","","","","","","","","",,,,,"",,,,"PlanElement.contains",0,1,"",""
"CareDeliveryResource","CareDeliveryResource.kind","CareDeliveryResource.kind","","","",1,1,"","","","CodeableConcept {[]} {[]}
","Type of resource","Type of resource","","","","","","","","","",,,,,"",,,,"CareDeliveryResource.kind",1,1,"",""
"CareDeliveryResource","CareDeliveryResource.identifier","CareDeliveryResource.identifier","","","",1,1,"","","","Identifier {[]} {[]}
","Identifier for the resource","Identifier for the resource","","","","","","","","","",,,,,"",,,,"CareDeliveryResource.identifier",1,1,"",""
"CareDeliveryResource","CareDeliveryResource.meets","CareDeliveryResource.meets","","","",0,*,"","","","Reference {[]} {[CanonicalType[http://hl7.org/dam/StructureDefinition/ResourceRequirement]]}
","Requirements this resource meets","Requirements this resource meets","","","","","","","","","",,,,,"",,,,"CareDeliveryResource.meets",0,*,"",""
"CareDeliveryResource","CareDeliveryResource.supports","CareDeliveryResource.supports","","","",0,*,"","","","Reference {[]} {[CanonicalType[http://hl7.org/dam/StructureDefinition/ActivityExecution]]}
","Activity executions this resource supports","Activity executions this resource supports","","","","","","","","","",,,,,"",,,,"CareDeliveryResource.supports",0,*,"",""
"CarePlanManifestation","CarePlanManifestation","CarePlanManifestation","","","",0,*,"","","","null {[]} {[]}
","Care Plan Manifestation","A manifestation of a care plan - a specific instance of a care plan at a point in time","","","","","","","","","",,,,,"",,,,"Base",0,*,"",""
"CarePlanManifestation","CarePlanManifestation.refersTo","CarePlanManifestation.refersTo","","","",1,1,"","","","Reference {[]} {[CanonicalType[http://hl7.org/fhir/StructureDefinition/Patient]]}
","The patient this plan element pertains to","The patient this plan element pertains to","","","","","","","","","",,,,,"",,,,"PlanElement.refersTo",1,1,"",""
"CarePlanManifestation","CarePlanManifestation.hasAuthor","CarePlanManifestation.hasAuthor","","","",1,*,"","","","Reference {[]} {[CanonicalType[http://hl7.org/dam/StructureDefinition/CareTeamMember]]}
","Who authored this plan element","Who authored this plan element","","","","","","","","","",,,,,"",,,,"PlanElement.hasAuthor",1,*,"",""
"CarePlanManifestation","CarePlanManifestation.contains","CarePlanManifestation.contains","","","",0,1,"","","","Reference {[]} {[CanonicalType[http://hl7.org/dam/StructureDefinition/CarePlanManifestation]]}
","The care plan manifestation containing this element","The care plan manifestation containing this element","","","","","","","","","",,,,,"",,,,"PlanElement.contains",0,1,"",""
"CarePlanManifestation","CarePlanManifestation.acknowledgeable","CarePlanManifestation.acknowledgeable","","","",1,1,"","","","http://hl7.org/dam/StructureDefinition/Acknowledgeable {[]} {[]}
","Acknowledgeable pattern properties","Acknowledgeable pattern properties","","","","","","","","","",,,,,"",,,,"CarePlanManifestation.acknowledgeable",1,1,"",""
"CarePlanManifestation","CarePlanManifestation.performable","CarePlanManifestation.performable","","","",1,1,"","","","http://hl7.org/dam/StructureDefinition/Performable {[]} {[]}
","Performable pattern properties","Performable pattern properties","","","","","","","","","",,,,,"",,,,"CarePlanManifestation.performable",1,1,"",""
"CarePlanManifestation","CarePlanManifestation.revisable","CarePlanManifestation.revisable","","","",1,1,"","","","http://hl7.org/dam/StructureDefinition/Revisable {[]} {[]}
","Revisable pattern properties","Revisable pattern properties","","","","","","","","","",,,,,"",,,,"CarePlanManifestation.revisable",1,1,"",""
"CarePlanManifestation","CarePlanManifestation.composable","CarePlanManifestation.composable","","","",1,1,"","","","http://hl7.org/dam/StructureDefinition/Composable {[]} {[]}
","Composable pattern properties","Composable pattern properties","","","","","","","","","",,,,,"",,,,"CarePlanManifestation.composable",1,1,"",""
"CarePlanManifestation","CarePlanManifestation.createDate","CarePlanManifestation.createDate","","","",1,1,"","","","dateTime {[]} {[]}
","Date the manifestation was created","Date the manifestation was created","","","","","","","","","",,,,,"",,,,"CarePlanManifestation.createDate",1,1,"",""
"CarePlanManifestation","CarePlanManifestation.specificationType","CarePlanManifestation.specificationType","","","",1,1,"","","","code {[]} {[]}
","Type of specification","Type of specification","","","","","","","","","",,"required","","http://hl7.org/dam/ValueSet/specification-type-vs","",,,,"CarePlanManifestation.specificationType",1,1,"",""
"CarePlanManifestation","CarePlanManifestation.period","CarePlanManifestation.period","","","",1,1,"","","","Period {[]} {[]}
","Effective period of this manifestation","Effective period of this manifestation","","","","","","","","","",,,,,"",,,,"CarePlanManifestation.period",1,1,"",""
"CarePlanManifestation","CarePlanManifestation.planPurpose","CarePlanManifestation.planPurpose","","","",1,1,"","","","code {[]} {[]}
","Purpose of the plan","Purpose of the plan","","","","","","","","","",,"required","","http://hl7.org/dam/ValueSet/plan-purpose-vs","",,,,"CarePlanManifestation.planPurpose",1,1,"",""
"CarePlanManifestation","CarePlanManifestation.status","CarePlanManifestation.status","","","",1,1,"","","","CodeableConcept {[]} {[]}
","Status of the manifestation","Status of the manifestation","","","","","","","","","",,,,,"",,,,"CarePlanManifestation.status",1,1,"",""
"CarePlanManifestation","CarePlanManifestation.statusDate","CarePlanManifestation.statusDate","","","",1,1,"","","","dateTime {[]} {[]}
","Date of the current status","Date of the current status","","","","","","","","","",,,,,"",,,,"CarePlanManifestation.statusDate",1,1,"",""
"CarePlanManifestation","CarePlanManifestation.displayName","CarePlanManifestation.displayName","","","",1,1,"","","","string {[]} {[]}
","Display name for the plan","Display name for the plan","","","","","","","","","",,,,,"",,,,"CarePlanManifestation.displayName",1,1,"",""
"CarePlanManifestation","CarePlanManifestation.description","CarePlanManifestation.description","","","",1,1,"","","","string {[]} {[]}
","Description of the plan","Description of the plan","","","","","","","","","",,,,,"",,,,"CarePlanManifestation.description",1,1,"",""
"CarePlanManifestation","CarePlanManifestation.uses","CarePlanManifestation.uses","","","",0,*,"","","","Reference {[]} {[CanonicalType[http://hl7.org/dam/StructureDefinition/PlanDefinition]]}
","Plan definitions used","Plan definitions used","","","","","","","","","",,,,,"",,,,"CarePlanManifestation.uses",0,*,"",""
"CarePlanPatient","CarePlanPatient","CarePlanPatient","","","",0,*,"","","","null {[]} {[]}
","Care Plan Patient","The patient who is the subject of the care plan","","","","","","","","","",,,,,"",,,,"Base",0,*,"",""
"CarePlanPatient","CarePlanPatient.refersTo","CarePlanPatient.refersTo","","","",1,1,"","","","Reference {[]} {[CanonicalType[http://hl7.org/fhir/StructureDefinition/Patient]]}
","The patient this plan element pertains to","The patient this plan element pertains to","","","","","","","","","",,,,,"",,,,"PlanElement.refersTo",1,1,"",""
"CarePlanPatient","CarePlanPatient.hasAuthor","CarePlanPatient.hasAuthor","","","",1,*,"","","","Reference {[]} {[CanonicalType[http://hl7.org/dam/StructureDefinition/CareTeamMember]]}
","Who authored this plan element","Who authored this plan element","","","","","","","","","",,,,,"",,,,"PlanElement.hasAuthor",1,*,"",""
"CarePlanPatient","CarePlanPatient.contains","CarePlanPatient.contains","","","",0,1,"","","","Reference {[]} {[CanonicalType[http://hl7.org/dam/StructureDefinition/CarePlanManifestation]]}
","The care plan manifestation containing this element","The care plan manifestation containing this element","","","","","","","","","",,,,,"",,,,"PlanElement.contains",0,1,"",""
"CareTeam","CareTeam","CareTeam","","","",0,*,"","","","null {[]} {[]}
","Care Team","A team of individuals involved in the patient's care. For more details, consult the Care Team Domain Analysis Model.","","","","","","","","","",,,,,"",,,,"Base",0,*,"",""
"CareTeam","CareTeam.refersTo","CareTeam.refersTo","","","",1,1,"","","","Reference {[]} {[CanonicalType[http://hl7.org/fhir/StructureDefinition/Patient]]}
","The patient this plan element pertains to","The patient this plan element pertains to","","","","","","","","","",,,,,"",,,,"PlanElement.refersTo",1,1,"",""
"CareTeam","CareTeam.hasAuthor","CareTeam.hasAuthor","","","",1,*,"","","","Reference {[]} {[CanonicalType[http://hl7.org/dam/StructureDefinition/CareTeamMember]]}
","Who authored this plan element","Who authored this plan element","","","","","","","","","",,,,,"",,,,"PlanElement.hasAuthor",1,*,"",""
"CareTeam","CareTeam.contains","CareTeam.contains","","","",0,1,"","","","Reference {[]} {[CanonicalType[http://hl7.org/dam/StructureDefinition/CarePlanManifestation]]}
","The care plan manifestation containing this element","The care plan manifestation containing this element","","","","","","","","","",,,,,"",,,,"PlanElement.contains",0,1,"",""
"CareTeam","CareTeam.acknowledgeable","CareTeam.acknowledgeable","","","",1,1,"","","","http://hl7.org/dam/StructureDefinition/Acknowledgeable {[]} {[]}
","Acknowledgeable pattern properties","Acknowledgeable pattern properties","","","","","","","","","",,,,,"",,,,"CareTeam.acknowledgeable",1,1,"",""
"CareTeam","CareTeam.name","CareTeam.name","","","",1,1,"","","","string {[]} {[]}
","Name of the care team","Name of the care team","","","","","","","","","",,,,,"",,,,"CareTeam.name",1,1,"",""
"CareTeamMember","CareTeamMember","CareTeamMember","","","",0,*,"","","","null {[]} {[]}
","Care Team Member","A member of the care team participating in the care plan","","","","","","","","","",,,,,"",,,,"Base",0,*,"",""
"CareTeamMember","CareTeamMember.refersTo","CareTeamMember.refersTo","","","",1,1,"","","","Reference {[]} {[CanonicalType[http://hl7.org/fhir/StructureDefinition/Patient]]}
","The patient this plan element pertains to","The patient this plan element pertains to","","","","","","","","","",,,,,"",,,,"PlanElement.refersTo",1,1,"",""
"CareTeamMember","CareTeamMember.hasAuthor","CareTeamMember.hasAuthor","","","",1,*,"","","","Reference {[]} {[CanonicalType[http://hl7.org/dam/StructureDefinition/CareTeamMember]]}
","Who authored this plan element","Who authored this plan element","","","","","","","","","",,,,,"",,,,"PlanElement.hasAuthor",1,*,"",""
"CareTeamMember","CareTeamMember.contains","CareTeamMember.contains","","","",0,1,"","","","Reference {[]} {[CanonicalType[http://hl7.org/dam/StructureDefinition/CarePlanManifestation]]}
","The care plan manifestation containing this element","The care plan manifestation containing this element","","","","","","","","","",,,,,"",,,,"PlanElement.contains",0,1,"",""
"CareTeamMember","CareTeamMember.name","CareTeamMember.name","","","",1,1,"","","","string {[]} {[]}
","Name of the care team member","Name of the care team member","","","","","","","","","",,,,,"",,,,"CareTeamMember.name",1,1,"",""
"CareTeamMember","CareTeamMember.role","CareTeamMember.role","","","",1,1,"","","","CodeableConcept {[]} {[]}
","Role on the care team","Role on the care team","","","","","","","","","",,,,,"",,,,"CareTeamMember.role",1,1,"",""
"CareTeamMember","CareTeamMember.performs","CareTeamMember.performs","","","",0,*,"","","","Reference {[]} {[CanonicalType[http://hl7.org/dam/StructureDefinition/Performable]]}
","Performable elements this member performs","Performable elements this member performs","","","","","","","","","",,,,,"",,,,"CareTeamMember.performs",0,*,"",""
"CareTeamMember","CareTeamMember.expresses","CareTeamMember.expresses","","","",0,1,"","","","Reference {[]} {[CanonicalType[http://hl7.org/dam/StructureDefinition/Expressible]]}
","Expressible elements this member expresses","Expressible elements this member expresses","","","","","","","","","",,,,,"",,,,"CareTeamMember.expresses",0,1,"",""
"CareTeamMember","CareTeamMember.belongsTo","CareTeamMember.belongsTo","","","",0,1,"","","","Reference {[]} {[CanonicalType[http://hl7.org/dam/StructureDefinition/CareTeam]]}
","Care team membership","Care team membership","","","","","","","","","",,,,,"",,,,"CareTeamMember.belongsTo",0,1,"",""
"CareTeamMember","CareTeamMember.performsReview","CareTeamMember.performsReview","","","",0,*,"","","","Reference {[]} {[CanonicalType[http://hl7.org/dam/StructureDefinition/Review]]}
","Reviews performed by this member","Reviews performed by this member","","","","","","","","","",,,,,"",,,,"CareTeamMember.performsReview",0,*,"",""
"CareTeamMember","CareTeamMember.performsReconciliation","CareTeamMember.performsReconciliation","","","",0,*,"","","","Reference {[]} {[CanonicalType[http://hl7.org/dam/StructureDefinition/ReconciliationAct]]}
","Reconciliation acts performed","Reconciliation acts performed","","","","","","","","","",,,,,"",,,,"CareTeamMember.performsReconciliation",0,*,"",""
"CareTeamMember","CareTeamMember.assigns","CareTeamMember.assigns","","","",0,*,"","","","Reference {[]} {[CanonicalType[http://hl7.org/dam/StructureDefinition/Prioritizable]]}
","Priority assignments made by this member","Priority assignments made by this member","","","","","","","","","",,,,,"",,,,"CareTeamMember.assigns",0,*,"",""
"Communication","Communication","Communication","","","",0,*,"","","","null {[]} {[]}
","Communication","A communication event related to the care plan","","","","","","","","","",,,,,"",,,,"Base",0,*,"",""
"Communication","Communication.refersTo","Communication.refersTo","","","",1,1,"","","","Reference {[]} {[CanonicalType[http://hl7.org/fhir/StructureDefinition/Patient]]}
","The patient this plan element pertains to","The patient this plan element pertains to","","","","","","","","","",,,,,"",,,,"PlanElement.refersTo",1,1,"",""
"Communication","Communication.hasAuthor","Communication.hasAuthor","","","",1,*,"","","","Reference {[]} {[CanonicalType[http://hl7.org/dam/StructureDefinition/CareTeamMember]]}
","Who authored this plan element","Who authored this plan element","","","","","","","","","",,,,,"",,,,"PlanElement.hasAuthor",1,*,"",""
"Communication","Communication.contains","Communication.contains","","","",0,1,"","","","Reference {[]} {[CanonicalType[http://hl7.org/dam/StructureDefinition/CarePlanManifestation]]}
","The care plan manifestation containing this element","The care plan manifestation containing this element","","","","","","","","","",,,,,"",,,,"PlanElement.contains",0,1,"",""
"Communication","Communication.time","Communication.time","","","",1,1,"","","","dateTime {[]} {[]}
","When the communication occurred","When the communication occurred","","","","","","","","","",,,,,"",,,,"Communication.time",1,1,"",""
"Communication","Communication.content","Communication.content","","","",1,1,"","","","base64Binary {[]} {[]}
","Content of the communication","Content of the communication","","","","","","","","","",,,,,"",,,,"Communication.content",1,1,"",""
"Communication","Communication.topic","Communication.topic","","","",1,1,"","","","CodeableConcept {[]} {[]}
","Topic of the communication","Topic of the communication","","","","","","","","","",,,,,"",,,,"Communication.topic",1,1,"",""
"Communication","Communication.refersToElements","Communication.refersToElements","","","",0,*,"","","","Reference {[]} {[CanonicalType[http://hl7.org/dam/StructureDefinition/PlanElement]]}
","Plan elements referenced in this communication","Plan elements referenced in this communication","","","","","","","","","",,,,,"",,,,"Communication.refersToElements",0,*,"",""
"Communication","Communication.communicationAuthor","Communication.communicationAuthor","","","",1,1,"","","","Reference {[]} {[CanonicalType[http://hl7.org/dam/StructureDefinition/CareTeamMember]]}
","Who authored the communication","Who authored the communication","","","","","","","","","",,,,,"",,,,"Communication.communicationAuthor",1,1,"",""
"Communication","Communication.recipient","Communication.recipient","","","",1,*,"","","","Reference {[]} {[CanonicalType[http://hl7.org/dam/StructureDefinition/CareTeamMember]]}
","Recipients of the communication","Recipients of the communication","","","","","","","","","",,,,,"",,,,"Communication.recipient",1,*,"",""
"Communication","Communication.thread","Communication.thread","","","",0,1,"","","","Reference {[]} {[CanonicalType[http://hl7.org/dam/StructureDefinition/CommunicationThread]]}
","Thread this communication belongs to","Thread this communication belongs to","","","","","","","","","",,,,,"",,,,"Communication.thread",0,1,"",""
"CommunicationThread","CommunicationThread","CommunicationThread","","","",0,*,"","","","null {[]} {[]}
","Communication Thread","A thread of related communications","","","","","","","","","",,,,,"",,,,"Base",0,*,"",""
"CommunicationThread","CommunicationThread.refersTo","CommunicationThread.refersTo","","","",1,1,"","","","Reference {[]} {[CanonicalType[http://hl7.org/fhir/StructureDefinition/Patient]]}
","The patient this plan element pertains to","The patient this plan element pertains to","","","","","","","","","",,,,,"",,,,"PlanElement.refersTo",1,1,"",""
"CommunicationThread","CommunicationThread.hasAuthor","CommunicationThread.hasAuthor","","","",1,*,"","","","Reference {[]} {[CanonicalType[http://hl7.org/dam/StructureDefinition/CareTeamMember]]}
","Who authored this plan element","Who authored this plan element","","","","","","","","","",,,,,"",,,,"PlanElement.hasAuthor",1,*,"",""
"CommunicationThread","CommunicationThread.contains","CommunicationThread.contains","","","",0,1,"","","","Reference {[]} {[CanonicalType[http://hl7.org/dam/StructureDefinition/CarePlanManifestation]]}
","The care plan manifestation containing this element","The care plan manifestation containing this element","","","","","","","","","",,,,,"",,,,"PlanElement.contains",0,1,"",""
"CommunicationThread","CommunicationThread.topic","CommunicationThread.topic","","","",1,1,"","","","CodeableConcept {[]} {[]}
","Topic of the thread","Topic of the thread","","","","","","","","","",,,,,"",,,,"CommunicationThread.topic",1,1,"",""
"Composable","Composable","Composable","","","",0,*,"","","","null {[]} {[]}
","Composable","Abstract pattern for elements that can be organized hierarchically","","","","","","","","","",,,,,"",,,,"Base",0,*,"",""
"Composable","Composable.order","Composable.order","","","",1,1,"","","","integer {[]} {[]}
","Order within the parent composition","Order within the parent composition","","","","","","","","","",,,,,"",,,,"Composable.order",1,1,"",""
"Composable","Composable.constitutive","Composable.constitutive","","","",1,1,"","","","code {[]} {[]}
","Whether this element is constitutive of the parent","Whether this element is constitutive of the parent","","","","","","","","","",,,,,"",,,,"Composable.constitutive",1,1,"",""
"Composable","Composable.partOf","Composable.partOf","","","",0,1,"","","","Reference {[]} {[CanonicalType[http://hl7.org/dam/StructureDefinition/Composable]]}
","Parent composable element","Parent composable element","","","","","","","","","",,,,,"",,,,"Composable.partOf",0,1,"",""
"Concern","Concern","Concern","","","",0,*,"","","","null {[]} {[]}
","Concern","A health concern or condition addressed by the care plan","","","","","","","","","",,,,,"",,,,"Base",0,*,"",""
"Concern","Concern.refersTo","Concern.refersTo","","","",1,1,"","","","Reference {[]} {[CanonicalType[http://hl7.org/fhir/StructureDefinition/Patient]]}
","The patient this plan element pertains to","The patient this plan element pertains to","","","","","","","","","",,,,,"",,,,"PlanElement.refersTo",1,1,"",""
"Concern","Concern.hasAuthor","Concern.hasAuthor","","","",1,*,"","","","Reference {[]} {[CanonicalType[http://hl7.org/dam/StructureDefinition/CareTeamMember]]}
","Who authored this plan element","Who authored this plan element","","","","","","","","","",,,,,"",,,,"PlanElement.hasAuthor",1,*,"",""
"Concern","Concern.contains","Concern.contains","","","",0,1,"","","","Reference {[]} {[CanonicalType[http://hl7.org/dam/StructureDefinition/CarePlanManifestation]]}
","The care plan manifestation containing this element","The care plan manifestation containing this element","","","","","","","","","",,,,,"",,,,"PlanElement.contains",0,1,"",""
"Concern","Concern.expressible","Concern.expressible","","","",1,1,"","","","http://hl7.org/dam/StructureDefinition/Expressible {[]} {[]}
","Expressible pattern properties","Expressible pattern properties","","","","","","","","","",,,,,"",,,,"Concern.expressible",1,1,"",""
"Concern","Concern.revisable","Concern.revisable","","","",1,1,"","","","http://hl7.org/dam/StructureDefinition/Revisable {[]} {[]}
","Revisable pattern properties","Revisable pattern properties","","","","","","","","","",,,,,"",,,,"Concern.revisable",1,1,"",""
"Concern","Concern.prioritizable","Concern.prioritizable","","","",1,1,"","","","http://hl7.org/dam/StructureDefinition/Prioritizable {[]} {[]}
","Prioritizable pattern properties","Prioritizable pattern properties","","","","","","","","","",,,,,"",,,,"Concern.prioritizable",1,1,"",""
"Concern","Concern.acknowledgeable","Concern.acknowledgeable","","","",1,1,"","","","http://hl7.org/dam/StructureDefinition/Acknowledgeable {[]} {[]}
","Acknowledgeable pattern properties","Acknowledgeable pattern properties","","","","","","","","","",,,,,"",,,,"Concern.acknowledgeable",1,1,"",""
"Concern","Concern.concern","Concern.concern","","","",1,1,"","","","CodeableConcept {[]} {[]}
","The concern or condition","The concern or condition","","","","","","","","","",,,,,"",,,,"Concern.concern",1,1,"",""
"Concern","Concern.comment","Concern.comment","","","",1,1,"","","","string {[]} {[]}
","Additional comments","Additional comments","","","","","","","","","",,,,,"",,,,"Concern.comment",1,1,"",""
"Expressible","Expressible","Expressible","","","",0,*,"","","","","Expressible","Abstract pattern for elements that can be expressed by a care team member","","","","","","","","","",,,,,"",,,,"Base",0,*,"",""
"Goal","Goal","Goal","","","",0,*,"","","","null {[]} {[]}
","Goal","A goal in the care plan. Possible relationship to concern, planned activity, performed activity, observation.","","","","","","","","","",,,,,"",,,,"Base",0,*,"",""
"Goal","Goal.refersTo","Goal.refersTo","","","",1,1,"","","","Reference {[]} {[CanonicalType[http://hl7.org/fhir/StructureDefinition/Patient]]}
","The patient this plan element pertains to","The patient this plan element pertains to","","","","","","","","","",,,,,"",,,,"PlanElement.refersTo",1,1,"",""
"Goal","Goal.hasAuthor","Goal.hasAuthor","","","",1,*,"","","","Reference {[]} {[CanonicalType[http://hl7.org/dam/StructureDefinition/CareTeamMember]]}
","Who authored this plan element","Who authored this plan element","","","","","","","","","",,,,,"",,,,"PlanElement.hasAuthor",1,*,"",""
"Goal","Goal.contains","Goal.contains","","","",0,1,"","","","Reference {[]} {[CanonicalType[http://hl7.org/dam/StructureDefinition/CarePlanManifestation]]}
","The care plan manifestation containing this element","The care plan manifestation containing this element","","","","","","","","","",,,,,"",,,,"PlanElement.contains",0,1,"",""
"Goal","Goal.composable","Goal.composable","","","",1,1,"","","","http://hl7.org/dam/StructureDefinition/Composable {[]} {[]}
","Composable pattern properties","Composable pattern properties","","","","","","","","","",,,,,"",,,,"Goal.composable",1,1,"",""
"Goal","Goal.expressible","Goal.expressible","","","",1,1,"","","","http://hl7.org/dam/StructureDefinition/Expressible {[]} {[]}
","Expressible pattern properties","Expressible pattern properties","","","","","","","","","",,,,,"",,,,"Goal.expressible",1,1,"",""
"Goal","Goal.performable","Goal.performable","","","",1,1,"","","","http://hl7.org/dam/StructureDefinition/Performable {[]} {[]}
","Performable pattern properties","Performable pattern properties","","","","","","","","","",,,,,"",,,,"Goal.performable",1,1,"",""
"Goal","Goal.acknowledgeable","Goal.acknowledgeable","","","",1,1,"","","","http://hl7.org/dam/StructureDefinition/Acknowledgeable {[]} {[]}
","Acknowledgeable pattern properties","Acknowledgeable pattern properties","","","","","","","","","",,,,,"",,,,"Goal.acknowledgeable",1,1,"",""
"Goal","Goal.prioritizable","Goal.prioritizable","","","",1,1,"","","","http://hl7.org/dam/StructureDefinition/Prioritizable {[]} {[]}
","Prioritizable pattern properties","Prioritizable pattern properties","","","","","","","","","",,,,,"",,,,"Goal.prioritizable",1,1,"",""
"Goal","Goal.revisable","Goal.revisable","","","",1,1,"","","","http://hl7.org/dam/StructureDefinition/Revisable {[]} {[]}
","Revisable pattern properties","Revisable pattern properties","","","","","","","","","",,,,,"",,,,"Goal.revisable",1,1,"",""
"Goal","Goal.desiredStateFinding","Goal.desiredStateFinding","","","",1,1,"","","","CodeableConcept {[]} {[]}
","Finding representing the desired state","Finding representing the desired state","","","","","","","","","",,,,,"",,,,"Goal.desiredStateFinding",1,1,"",""
"Goal","Goal.desiredStateMeasureDimension","Goal.desiredStateMeasureDimension","","","",1,1,"","","","CodeableConcept {[]} {[]}
","Dimension for measuring desired state","Dimension for measuring desired state","","","","","","","","","",,,,,"",,,,"Goal.desiredStateMeasureDimension",1,1,"",""
"Goal","Goal.desiredStateMeasureValue","Goal.desiredStateMeasureValue","","","",1,1,"","","","Quantity {[]} {[]}
","Target value for the desired state","Target value for the desired state","","","","","","","","","",,,,,"",,,,"Goal.desiredStateMeasureValue",1,1,"",""
"Goal","Goal.targetDateTime","Goal.targetDateTime","","","",1,1,"","","","dateTime {[]} {[]}
","Target date for achieving the goal","Target date for achieving the goal","","","","","","","","","",,,,,"",,,,"Goal.targetDateTime",1,1,"",""
"Goal","Goal.description","Goal.description","","","",1,1,"","","","string {[]} {[]}
","Text description of the goal","Text description of the goal","","","","","","","","","",,,,,"",,,,"Goal.description",1,1,"",""
"Goal","Goal.addresses","Goal.addresses","","","",1,*,"","","","Reference {[]} {[CanonicalType[http://hl7.org/dam/StructureDefinition/Concern]]}
","Concerns addressed by this goal","Concerns addressed by this goal","","","","","","","","","",,,,,"",,,,"Goal.addresses",1,*,"",""
"Goal","Goal.basedOnGuideline","Goal.basedOnGuideline","","","",0,*,"","","","Reference {[]} {[CanonicalType[http://hl7.org/dam/StructureDefinition/Guideline]]}
","Guidelines this goal is based on","Guidelines this goal is based on","","","","","","","","","",,,,,"",,,,"Goal.basedOnGuideline",0,*,"",""
"Guideline","Guideline","Guideline","","","",0,*,"","","","null {[]} {[]}
","Guideline","A clinical guideline that informs the care plan","","","","","","","","","",,,,,"",,,,"Base",0,*,"",""
"Guideline","Guideline.refersTo","Guideline.refersTo","","","",1,1,"","","","Reference {[]} {[CanonicalType[http://hl7.org/fhir/StructureDefinition/Patient]]}
","The patient this plan element pertains to","The patient this plan element pertains to","","","","","","","","","",,,,,"",,,,"PlanElement.refersTo",1,1,"",""
"Guideline","Guideline.hasAuthor","Guideline.hasAuthor","","","",1,*,"","","","Reference {[]} {[CanonicalType[http://hl7.org/dam/StructureDefinition/CareTeamMember]]}
","Who authored this plan element","Who authored this plan element","","","","","","","","","",,,,,"",,,,"PlanElement.hasAuthor",1,*,"",""
"Guideline","Guideline.contains","Guideline.contains","","","",0,1,"","","","Reference {[]} {[CanonicalType[http://hl7.org/dam/StructureDefinition/CarePlanManifestation]]}
","The care plan manifestation containing this element","The care plan manifestation containing this element","","","","","","","","","",,,,,"",,,,"PlanElement.contains",0,1,"",""
"Guideline","Guideline.name","Guideline.name","","","",1,1,"","","","string {[]} {[]}
","Name of the guideline","Name of the guideline","","","","","","","","","",,,,,"",,,,"Guideline.name",1,1,"",""
"Guideline","Guideline.date","Guideline.date","","","",1,1,"","","","date {[]} {[]}
","Publication date of the guideline","Publication date of the guideline","","","","","","","","","",,,,,"",,,,"Guideline.date",1,1,"",""
"Guideline","Guideline.locator","Guideline.locator","","","",1,1,"","","","url {[]} {[]}
","URL or reference to the guideline","URL or reference to the guideline","","","","","","","","","",,,,,"",,,,"Guideline.locator",1,1,"",""
"Guideline","Guideline.addresses","Guideline.addresses","","","",1,*,"","","","Reference {[]} {[CanonicalType[http://hl7.org/dam/StructureDefinition/Concern]]}
","Concerns addressed by this guideline","Concerns addressed by this guideline","","","","","","","","","",,,,,"",,,,"Guideline.addresses",1,*,"",""
"HealthRisk","HealthRisk","HealthRisk","","","",0,*,"","","","null {[]} {[]}
","Health Risk","A health risk identified for the patient","","","","","","","","","",,,,,"",,,,"Base",0,*,"",""
"HealthRisk","HealthRisk.refersTo","HealthRisk.refersTo","","","",1,1,"","","","Reference {[]} {[CanonicalType[http://hl7.org/fhir/StructureDefinition/Patient]]}
","The patient this plan element pertains to","The patient this plan element pertains to","","","","","","","","","",,,,,"",,,,"PlanElement.refersTo",1,1,"",""
"HealthRisk","HealthRisk.hasAuthor","HealthRisk.hasAuthor","","","",1,*,"","","","Reference {[]} {[CanonicalType[http://hl7.org/dam/StructureDefinition/CareTeamMember]]}
","Who authored this plan element","Who authored this plan element","","","","","","","","","",,,,,"",,,,"PlanElement.hasAuthor",1,*,"",""
"HealthRisk","HealthRisk.contains","HealthRisk.contains","","","",0,1,"","","","Reference {[]} {[CanonicalType[http://hl7.org/dam/StructureDefinition/CarePlanManifestation]]}
","The care plan manifestation containing this element","The care plan manifestation containing this element","","","","","","","","","",,,,,"",,,,"PlanElement.contains",0,1,"",""
"HealthRisk","HealthRisk.risk","HealthRisk.risk","","","",1,1,"","","","CodeableConcept {[]} {[]}
","The type of risk","The type of risk","","","","","","","","","",,,,,"",,,,"HealthRisk.risk",1,1,"",""
"HealthRisk","HealthRisk.comment","HealthRisk.comment","","","",1,1,"","","","string {[]} {[]}
","Additional comments about the risk","Additional comments about the risk","","","","","","","","","",,,,,"",,,,"HealthRisk.comment",1,1,"",""
"HealthRisk","HealthRisk.criticality","HealthRisk.criticality","","","",1,1,"","","","CodeableConcept {[]} {[]}
","Criticality level of the risk","Criticality level of the risk","","","","","","","","","",,,,,"",,,,"HealthRisk.criticality",1,1,"",""
"Modification","Modification","Modification","","","",0,*,"","","","null {[]} {[]}
","Modification","A modification made to a plan element","","","","","","","","","",,,,,"",,,,"Base",0,*,"",""
"Modification","Modification.refersTo","Modification.refersTo","","","",1,1,"","","","Reference {[]} {[CanonicalType[http://hl7.org/fhir/StructureDefinition/Patient]]}
","The patient this plan element pertains to","The patient this plan element pertains to","","","","","","","","","",,,,,"",,,,"PlanElement.refersTo",1,1,"",""
"Modification","Modification.hasAuthor","Modification.hasAuthor","","","",1,*,"","","","Reference {[]} {[CanonicalType[http://hl7.org/dam/StructureDefinition/CareTeamMember]]}
","Who authored this plan element","Who authored this plan element","","","","","","","","","",,,,,"",,,,"PlanElement.hasAuthor",1,*,"",""
"Modification","Modification.contains","Modification.contains","","","",0,1,"","","","Reference {[]} {[CanonicalType[http://hl7.org/dam/StructureDefinition/CarePlanManifestation]]}
","The care plan manifestation containing this element","The care plan manifestation containing this element","","","","","","","","","",,,,,"",,,,"PlanElement.contains",0,1,"",""
"Modification","Modification.item","Modification.item","","","",1,1,"","","","string {[]} {[]}
","Item being modified","Item being modified","","","","","","","","","",,,,,"",,,,"Modification.item",1,1,"",""
"Modification","Modification.rationale","Modification.rationale","","","",1,1,"","","","CodeableConcept {[]} {[]}
","Rationale for the modification","Rationale for the modification","","","","","","","","","",,,,,"",,,,"Modification.rationale",1,1,"",""
"Modification","Modification.type","Modification.type","","","",1,1,"","","","code {[]} {[]}
","Type of modification","Type of modification","","","","","","","","","",,"required","","http://hl7.org/dam/ValueSet/modification-type-vs","",,,,"Modification.type",1,1,"",""
"Modification","Modification.modification","Modification.modification","","","",1,1,"","","","string {[]} {[]}
","Description of the modification","Description of the modification","","","","","","","","","",,,,,"",,,,"Modification.modification",1,1,"",""
"Organization","Organization","Organization","","","",0,*,"","","","null {[]} {[]}
","Organization","An organization involved in care delivery","","","","","","","","","",,,,,"",,,,"Base",0,*,"",""
"Organization","Organization.name","Organization.name","","","",1,1,"","","","string {[]} {[]}
","Name of the organization","Name of the organization","","","","","","","","","",,,,,"",,,,"Organization.name",1,1,"",""
"Organization","Organization.employs","Organization.employs","","","",1,*,"","","","Reference {[]} {[CanonicalType[http://hl7.org/dam/StructureDefinition/CareTeamMember]]}
","Care team members employed","Care team members employed","","","","","","","","","",,,,,"",,,,"Organization.employs",1,*,"",""
"Organization","Organization.defines","Organization.defines","","","",0,*,"","","","Reference {[]} {[CanonicalType[http://hl7.org/dam/StructureDefinition/CareTeam]]}
","Care teams defined by this organization","Care teams defined by this organization","","","","","","","","","",,,,,"",,,,"Organization.defines",0,*,"",""
"Organization","Organization.owns","Organization.owns","","","",0,*,"","","","Reference {[]} {[CanonicalType[http://hl7.org/dam/StructureDefinition/CarePlanManifestation]]}
","Care plan manifestations owned","Care plan manifestations owned","","","","","","","","","",,,,,"",,,,"Organization.owns",0,*,"",""
"OutcomeReview","OutcomeReview","OutcomeReview","","","",0,*,"","","","null {[]} {[]}
","Outcome Review","A review assessing outcomes of performable elements","","","","","","","","","",,,,,"",,,,"Base",0,*,"",""
"OutcomeReview","OutcomeReview.refersTo","OutcomeReview.refersTo","","","",1,1,"","","","Reference {[]} {[CanonicalType[http://hl7.org/fhir/StructureDefinition/Patient]]}
","The patient this plan element pertains to","The patient this plan element pertains to","","","","","","","","","",,,,,"",,,,"PlanElement.refersTo",1,1,"",""
"OutcomeReview","OutcomeReview.hasAuthor","OutcomeReview.hasAuthor","","","",1,*,"","","","Reference {[]} {[CanonicalType[http://hl7.org/dam/StructureDefinition/CareTeamMember]]}
","Who authored this plan element","Who authored this plan element","","","","","","","","","",,,,,"",,,,"PlanElement.hasAuthor",1,*,"",""
"OutcomeReview","OutcomeReview.contains","OutcomeReview.contains","","","",0,1,"","","","Reference {[]} {[CanonicalType[http://hl7.org/dam/StructureDefinition/CarePlanManifestation]]}
","The care plan manifestation containing this element","The care plan manifestation containing this element","","","","","","","","","",,,,,"",,,,"PlanElement.contains",0,1,"",""
"OutcomeReview","OutcomeReview.review","OutcomeReview.review","","","",1,1,"","","","http://hl7.org/dam/StructureDefinition/Review {[]} {[]}
","Review pattern properties","Review pattern properties","","","","","","","","","",,,,,"",,,,"OutcomeReview.review",1,1,"",""
"OutcomeReview","OutcomeReview.outcome","OutcomeReview.outcome","","","",1,1,"","","","code {[]} {[]}
","The assessed outcome","The assessed outcome","","","","","","","","","",,"required","","http://hl7.org/dam/ValueSet/outcome-vs","",,,,"OutcomeReview.outcome",1,1,"",""
"OutcomeReview","OutcomeReview.criterion","OutcomeReview.criterion","","","",1,1,"","","","string {[]} {[]}
","Criterion used for assessment","Criterion used for assessment","","","","","","","","","",,,,,"",,,,"OutcomeReview.criterion",1,1,"",""
"OutcomeReview","OutcomeReview.assesses","OutcomeReview.assesses","","","",1,*,"","","","Reference {[]} {[CanonicalType[http://hl7.org/dam/StructureDefinition/Performable]]}
","Performable elements assessed","Performable elements assessed","","","","","","","","","",,,,,"",,,,"OutcomeReview.assesses",1,*,"",""
"OutcomeReview","OutcomeReview.supportsGoal","OutcomeReview.supportsGoal","","","",0,*,"","","","Reference {[]} {[CanonicalType[http://hl7.org/dam/StructureDefinition/Goal]]}
","Goals supported by this outcome","Goals supported by this outcome","","","","","","","","","",,,,,"",,,,"OutcomeReview.supportsGoal",0,*,"",""
"OutcomeReview","OutcomeReview.referencesExecution","OutcomeReview.referencesExecution","","","",0,*,"","","","Reference {[]} {[CanonicalType[http://hl7.org/dam/StructureDefinition/ActivityExecution]]}
","Activity executions referenced","Activity executions referenced","","","","","","","","","",,,,,"",,,,"OutcomeReview.referencesExecution",0,*,"",""
"OutcomeReview","OutcomeReview.referencesObservation","OutcomeReview.referencesObservation","","","",0,*,"","","","Reference {[]} {[CanonicalType[http://hl7.org/dam/StructureDefinition/ActivityOutcomeObservation]]}
","Observations referenced","Observations referenced","","","","","","","","","",,,,,"",,,,"OutcomeReview.referencesObservation",0,*,"",""
"Performable","Performable","Performable","","","",0,*,"","","","null {[]} {[]}
","Performable","Abstract pattern for elements that have a performance lifecycle","","","","","","","","","",,,,,"",,,,"Base",0,*,"",""
"Performable","Performable.performancePeriod","Performable.performancePeriod","","","",1,1,"","","","Period {[]} {[]}
","Time period during which the element is performed","Time period during which the element is performed","","","","","","","","","",,,,,"",,,,"Performable.performancePeriod",1,1,"",""
"Performable","Performable.status","Performable.status","","","",1,1,"","","","code {[]} {[]}
","Current performance status","Current performance status","","","","","","","","","",,"required","","http://hl7.org/dam/ValueSet/performance-status-vs","",,,,"Performable.status",1,1,"",""
"PlanDefinition","PlanDefinition","PlanDefinition","","","",0,*,"","","","null {[]} {[]}
","Plan Definition","A definition or template for care plans","","","","","","","","","",,,,,"",,,,"Base",0,*,"",""
"PlanDefinition","PlanDefinition.name","PlanDefinition.name","","","",1,1,"","","","code {[]} {[]}
","Name of the plan definition","Name of the plan definition","","","","","","","","","",,"required","","http://hl7.org/dam/ValueSet/plan-definition-vs","",,,,"PlanDefinition.name",1,1,"",""
"PlanDefinition","PlanDefinition.version","PlanDefinition.version","","","",1,1,"","","","string {[]} {[]}
","Version of the definition","Version of the definition","","","","","","","","","",,,,,"",,,,"PlanDefinition.version",1,1,"",""
"PlanDefinition","PlanDefinition.url","PlanDefinition.url","","","",1,1,"","","","url {[]} {[]}
","URL for the definition","URL for the definition","","","","","","","","","",,,,,"",,,,"PlanDefinition.url",1,1,"",""
"PlanElement","PlanElement","PlanElement","","","",0,*,"","","","null {[]} {[]}
","Plan Element","Abstract base for all care plan content elements. All plan elements are specific to a Patient.","","","","","","","","","",,,,,"",,,,"Base",0,*,"",""
"PlanElement","PlanElement.refersTo","PlanElement.refersTo","","","",1,1,"","","","Reference {[]} {[CanonicalType[http://hl7.org/fhir/StructureDefinition/Patient]]}
","The patient this plan element pertains to","The patient this plan element pertains to","","","","","","","","","",,,,,"",,,,"PlanElement.refersTo",1,1,"",""
"PlanElement","PlanElement.hasAuthor","PlanElement.hasAuthor","","","",1,*,"","","","Reference {[]} {[CanonicalType[http://hl7.org/dam/StructureDefinition/CareTeamMember]]}
","Who authored this plan element","Who authored this plan element","","","","","","","","","",,,,,"",,,,"PlanElement.hasAuthor",1,*,"",""
"PlanElement","PlanElement.contains","PlanElement.contains","","","",0,1,"","","","Reference {[]} {[CanonicalType[http://hl7.org/dam/StructureDefinition/CarePlanManifestation]]}
","The care plan manifestation containing this element","The care plan manifestation containing this element","","","","","","","","","",,,,,"",,,,"PlanElement.contains",0,1,"",""
"PlannedActivity","PlannedActivity","PlannedActivity","","","",0,*,"","","","null {[]} {[]}
","Planned Activity","An activity planned as part of the care plan","","","","","","","","","",,,,,"",,,,"Base",0,*,"",""
"PlannedActivity","PlannedActivity.refersTo","PlannedActivity.refersTo","","","",1,1,"","","","Reference {[]} {[CanonicalType[http://hl7.org/fhir/StructureDefinition/Patient]]}
","The patient this plan element pertains to","The patient this plan element pertains to","","","","","","","","","",,,,,"",,,,"PlanElement.refersTo",1,1,"",""
"PlannedActivity","PlannedActivity.hasAuthor","PlannedActivity.hasAuthor","","","",1,*,"","","","Reference {[]} {[CanonicalType[http://hl7.org/dam/StructureDefinition/CareTeamMember]]}
","Who authored this plan element","Who authored this plan element","","","","","","","","","",,,,,"",,,,"PlanElement.hasAuthor",1,*,"",""
"PlannedActivity","PlannedActivity.contains","PlannedActivity.contains","","","",0,1,"","","","Reference {[]} {[CanonicalType[http://hl7.org/dam/StructureDefinition/CarePlanManifestation]]}
","The care plan manifestation containing this element","The care plan manifestation containing this element","","","","","","","","","",,,,,"",,,,"PlanElement.contains",0,1,"",""
"PlannedActivity","PlannedActivity.composable","PlannedActivity.composable","","","",1,1,"","","","http://hl7.org/dam/StructureDefinition/Composable {[]} {[]}
","Composable pattern properties","Composable pattern properties","","","","","","","","","",,,,,"",,,,"PlannedActivity.composable",1,1,"",""
"PlannedActivity","PlannedActivity.acknowledgeable","PlannedActivity.acknowledgeable","","","",1,1,"","","","http://hl7.org/dam/StructureDefinition/Acknowledgeable {[]} {[]}
","Acknowledgeable pattern properties","Acknowledgeable pattern properties","","","","","","","","","",,,,,"",,,,"PlannedActivity.acknowledgeable",1,1,"",""
"PlannedActivity","PlannedActivity.prioritizable","PlannedActivity.prioritizable","","","",1,1,"","","","http://hl7.org/dam/StructureDefinition/Prioritizable {[]} {[]}
","Prioritizable pattern properties","Prioritizable pattern properties","","","","","","","","","",,,,,"",,,,"PlannedActivity.prioritizable",1,1,"",""
"PlannedActivity","PlannedActivity.revisable","PlannedActivity.revisable","","","",1,1,"","","","http://hl7.org/dam/StructureDefinition/Revisable {[]} {[]}
","Revisable pattern properties","Revisable pattern properties","","","","","","","","","",,,,,"",,,,"PlannedActivity.revisable",1,1,"",""
"PlannedActivity","PlannedActivity.targetPeriod","PlannedActivity.targetPeriod","","","",1,1,"","","","Period {[]} {[]}
","Target time period for the activity","Target time period for the activity","","","","","","","","","",,,,,"",,,,"PlannedActivity.targetPeriod",1,1,"",""
"PlannedActivity","PlannedActivity.activity","PlannedActivity.activity","","","",1,1,"","","","CodeableConcept {[]} {[]}
","The activity to be performed","The activity to be performed","","","","","","","","","",,,,,"",,,,"PlannedActivity.activity",1,1,"",""
"PlannedActivity","PlannedActivity.classification","PlannedActivity.classification","","","",1,1,"","","","CodeableConcept {[]} {[]}
","Classification of the activity","Classification of the activity","","","","","","","","","",,,,,"",,,,"PlannedActivity.classification",1,1,"",""
"PlannedActivity","PlannedActivity.targetFrequency","PlannedActivity.targetFrequency","","","",1,1,"","","","Quantity {[]} {[]}
","Target frequency of the activity","Target frequency of the activity","","","","","","","","","",,,,,"",,,,"PlannedActivity.targetFrequency",1,1,"",""
"PlannedActivity","PlannedActivity.preCondition","PlannedActivity.preCondition","","","",1,1,"","","","CodeableConcept {[]} {[]}
","Preconditions for the activity","Preconditions for the activity","","","","","","","","","",,,,,"",,,,"PlannedActivity.preCondition",1,1,"",""
"PlannedActivity","PlannedActivity.postCondition","PlannedActivity.postCondition","","","",1,1,"","","","CodeableConcept {[]} {[]}
","Expected postconditions","Expected postconditions","","","","","","","","","",,,,,"",,,,"PlannedActivity.postCondition",1,1,"",""
"PlannedActivity","PlannedActivity.supportingContent","PlannedActivity.supportingContent","","","",1,1,"","","","string {[]} {[]}
","Supporting content or instructions","Supporting content or instructions","","","","","","","","","",,,,,"",,,,"PlannedActivity.supportingContent",1,1,"",""
"PlannedActivity","PlannedActivity.needs","PlannedActivity.needs","","","",0,*,"","","","Reference {[]} {[CanonicalType[http://hl7.org/dam/StructureDefinition/ResourceRequirement]]}
","Resources needed","Resources needed","","","","","","","","","",,,,,"",,,,"PlannedActivity.needs",0,*,"",""
"PlannedActivity","PlannedActivity.supports","PlannedActivity.supports","","","",1,*,"","","","Reference {[]} {[CanonicalType[http://hl7.org/dam/StructureDefinition/Goal]]}
","Goals this activity supports","Goals this activity supports","","","","","","","","","",,,,,"",,,,"PlannedActivity.supports",1,*,"",""
"PlannedActivity","PlannedActivity.mitigatesRisk","PlannedActivity.mitigatesRisk","","","",0,*,"","","","Reference {[]} {[CanonicalType[http://hl7.org/dam/StructureDefinition/HealthRisk]]}
","Health risks mitigated","Health risks mitigated","","","","","","","","","",,,,,"",,,,"PlannedActivity.mitigatesRisk",0,*,"",""
"PlannedActivity","PlannedActivity.presentsRisk","PlannedActivity.presentsRisk","","","",0,*,"","","","Reference {[]} {[CanonicalType[http://hl7.org/dam/StructureDefinition/HealthRisk]]}
","Health risks presented by this activity","Health risks presented by this activity","","","","","","","","","",,,,,"",,,,"PlannedActivity.presentsRisk",0,*,"",""
"PlannedActivity","PlannedActivity.basedOnGuideline","PlannedActivity.basedOnGuideline","","","",0,*,"","","","Reference {[]} {[CanonicalType[http://hl7.org/dam/StructureDefinition/Guideline]]}
","Guidelines this activity is based on","Guidelines this activity is based on","","","","","","","","","",,,,,"",,,,"PlannedActivity.basedOnGuideline",0,*,"",""
"Preference","Preference","Preference","","","",0,*,"","","","null {[]} {[]}
","Preference","A patient or care team preference that informs care planning","","","","","","","","","",,,,,"",,,,"Base",0,*,"",""
"Preference","Preference.refersTo","Preference.refersTo","","","",1,1,"","","","Reference {[]} {[CanonicalType[http://hl7.org/fhir/StructureDefinition/Patient]]}
","The patient this plan element pertains to","The patient this plan element pertains to","","","","","","","","","",,,,,"",,,,"PlanElement.refersTo",1,1,"",""
"Preference","Preference.hasAuthor","Preference.hasAuthor","","","",1,*,"","","","Reference {[]} {[CanonicalType[http://hl7.org/dam/StructureDefinition/CareTeamMember]]}
","Who authored this plan element","Who authored this plan element","","","","","","","","","",,,,,"",,,,"PlanElement.hasAuthor",1,*,"",""
"Preference","Preference.contains","Preference.contains","","","",0,1,"","","","Reference {[]} {[CanonicalType[http://hl7.org/dam/StructureDefinition/CarePlanManifestation]]}
","The care plan manifestation containing this element","The care plan manifestation containing this element","","","","","","","","","",,,,,"",,,,"PlanElement.contains",0,1,"",""
"Preference","Preference.acknowledgeable","Preference.acknowledgeable","","","",1,1,"","","","http://hl7.org/dam/StructureDefinition/Acknowledgeable {[]} {[]}
","Acknowledgeable pattern properties","Acknowledgeable pattern properties","","","","","","","","","",,,,,"",,,,"Preference.acknowledgeable",1,1,"",""
"Preference","Preference.prioritizable","Preference.prioritizable","","","",1,1,"","","","http://hl7.org/dam/StructureDefinition/Prioritizable {[]} {[]}
","Prioritizable pattern properties","Prioritizable pattern properties","","","","","","","","","",,,,,"",,,,"Preference.prioritizable",1,1,"",""
"Preference","Preference.expressible","Preference.expressible","","","",1,1,"","","","http://hl7.org/dam/StructureDefinition/Expressible {[]} {[]}
","Expressible pattern properties","Expressible pattern properties","","","","","","","","","",,,,,"",,,,"Preference.expressible",1,1,"",""
"Preference","Preference.context","Preference.context","","","",1,1,"","","","code {[]} {[]}
","Context for the preference","Context for the preference","","","","","","","","","",,"required","","http://hl7.org/dam/ValueSet/preference-context-vs","",,,,"Preference.context",1,1,"",""
"Preference","Preference.description","Preference.description","","","",1,1,"","","","string {[]} {[]}
","Description of the preference","Description of the preference","","","","","","","","","",,,,,"",,,,"Preference.description",1,1,"",""
"Preference","Preference.action","Preference.action","","","",1,1,"","","","CodeableConcept {[]} {[]}
","Preferred action","Preferred action","","","","","","","","","",,,,,"",,,,"Preference.action",1,1,"",""
"Preference","Preference.preferencePriority","Preference.preferencePriority","","","",1,1,"","","","CodeableConcept {[]} {[]}
","Priority of this preference","Priority of this preference","","","","","","","","","",,,,,"",,,,"Preference.preferencePriority",1,1,"",""
"Preference","Preference.reason","Preference.reason","","","",1,1,"","","","string {[]} {[]}
","Reason for the preference","Reason for the preference","","","","","","","","","",,,,,"",,,,"Preference.reason",1,1,"",""
"Preference","Preference.note","Preference.note","","","",1,1,"","","","string {[]} {[]}
","Additional notes","Additional notes","","","","","","","","","",,,,,"",,,,"Preference.note",1,1,"",""
"Preference","Preference.preferenceStatus","Preference.preferenceStatus","","","",1,1,"","","","CodeableConcept {[]} {[]}
","Status of the preference","Status of the preference","","","","","","","","","",,,,,"",,,,"Preference.preferenceStatus",1,1,"",""
"Preference","Preference.informsActivity","Preference.informsActivity","","","",0,*,"","","","Reference {[]} {[CanonicalType[http://hl7.org/dam/StructureDefinition/PlannedActivity]]}
","Activities informed by this preference","Activities informed by this preference","","","","","","","","","",,,,,"",,,,"Preference.informsActivity",0,*,"",""
"Preference","Preference.informsGoal","Preference.informsGoal","","","",0,*,"","","","Reference {[]} {[CanonicalType[http://hl7.org/dam/StructureDefinition/Goal]]}
","Goals informed by this preference","Goals informed by this preference","","","","","","","","","",,,,,"",,,,"Preference.informsGoal",0,*,"",""
"Prioritizable","Prioritizable","Prioritizable","","","",0,*,"","","","null {[]} {[]}
","Prioritizable","Abstract pattern for elements that can be prioritized","","","","","","","","","",,,,,"",,,,"Base",0,*,"",""
"Prioritizable","Prioritizable.priority","Prioritizable.priority","","","",1,1,"","","","integer {[]} {[]}
","Priority ranking","Priority ranking","","","","","","","","","",,,,,"",,,,"Prioritizable.priority",1,1,"",""
"Prioritizable","Prioritizable.dateAssigned","Prioritizable.dateAssigned","","","",1,1,"","","","dateTime {[]} {[]}
","Date the priority was assigned","Date the priority was assigned","","","","","","","","","",,,,,"",,,,"Prioritizable.dateAssigned",1,1,"",""
"Prioritizable","Prioritizable.withRespectTo","Prioritizable.withRespectTo","","","",0,1,"","","","Reference {[]} {[CanonicalType[http://hl7.org/dam/StructureDefinition/Prioritizable]]}
","Context for relative priority","Context for relative priority","","","","","","","","","",,,,,"",,,,"Prioritizable.withRespectTo",0,1,"",""
"ProtectiveFactor","ProtectiveFactor","ProtectiveFactor","","","",0,*,"","","","null {[]} {[]}
","Protective Factor","A factor that protects against health risks or barriers","","","","","","","","","",,,,,"",,,,"Base",0,*,"",""
"ProtectiveFactor","ProtectiveFactor.refersTo","ProtectiveFactor.refersTo","","","",1,1,"","","","Reference {[]} {[CanonicalType[http://hl7.org/fhir/StructureDefinition/Patient]]}
","The patient this plan element pertains to","The patient this plan element pertains to","","","","","","","","","",,,,,"",,,,"PlanElement.refersTo",1,1,"",""
"ProtectiveFactor","ProtectiveFactor.hasAuthor","ProtectiveFactor.hasAuthor","","","",1,*,"","","","Reference {[]} {[CanonicalType[http://hl7.org/dam/StructureDefinition/CareTeamMember]]}
","Who authored this plan element","Who authored this plan element","","","","","","","","","",,,,,"",,,,"PlanElement.hasAuthor",1,*,"",""
"ProtectiveFactor","ProtectiveFactor.contains","ProtectiveFactor.contains","","","",0,1,"","","","Reference {[]} {[CanonicalType[http://hl7.org/dam/StructureDefinition/CarePlanManifestation]]}
","The care plan manifestation containing this element","The care plan manifestation containing this element","","","","","","","","","",,,,,"",,,,"PlanElement.contains",0,1,"",""
"ProtectiveFactor","ProtectiveFactor.factor","ProtectiveFactor.factor","","","",1,1,"","","","CodeableConcept {[]} {[]}
","The protective factor","The protective factor","","","","","","","","","",,,,,"",,,,"ProtectiveFactor.factor",1,1,"",""
"ProtectiveFactor","ProtectiveFactor.comment","ProtectiveFactor.comment","","","",1,1,"","","","string {[]} {[]}
","Additional comments","Additional comments","","","","","","","","","",,,,,"",,,,"ProtectiveFactor.comment",1,1,"",""
"ProtectiveFactor","ProtectiveFactor.mitigatesRisk","ProtectiveFactor.mitigatesRisk","","","",0,*,"","","","Reference {[]} {[CanonicalType[http://hl7.org/dam/StructureDefinition/HealthRisk]]}
","Health risks mitigated by this factor","Health risks mitigated by this factor","","","","","","","","","",,,,,"",,,,"ProtectiveFactor.mitigatesRisk",0,*,"",""
"ProtectiveFactor","ProtectiveFactor.mitigatesBarrier","ProtectiveFactor.mitigatesBarrier","","","",0,*,"","","","Reference {[]} {[CanonicalType[http://hl7.org/dam/StructureDefinition/Barrier]]}
","Barriers mitigated by this factor","Barriers mitigated by this factor","","","","","","","","","",,,,,"",,,,"ProtectiveFactor.mitigatesBarrier",0,*,"",""
"ProtectiveFactor","ProtectiveFactor.supportsActivity","ProtectiveFactor.supportsActivity","","","",0,*,"","","","Reference {[]} {[CanonicalType[http://hl7.org/dam/StructureDefinition/PlannedActivity]]}
","Activities supported by this factor","Activities supported by this factor","","","","","","","","","",,,,,"",,,,"ProtectiveFactor.supportsActivity",0,*,"",""
"ReconciliationAct","ReconciliationAct","ReconciliationAct","","","",0,*,"","","","null {[]} {[]}
","Reconciliation Act","An act of reconciling plan elements","","","","","","","","","",,,,,"",,,,"Base",0,*,"",""
"ReconciliationAct","ReconciliationAct.refersTo","ReconciliationAct.refersTo","","","",1,1,"","","","Reference {[]} {[CanonicalType[http://hl7.org/fhir/StructureDefinition/Patient]]}
","The patient this plan element pertains to","The patient this plan element pertains to","","","","","","","","","",,,,,"",,,,"PlanElement.refersTo",1,1,"",""
"ReconciliationAct","ReconciliationAct.hasAuthor","ReconciliationAct.hasAuthor","","","",1,*,"","","","Reference {[]} {[CanonicalType[http://hl7.org/dam/StructureDefinition/CareTeamMember]]}
","Who authored this plan element","Who authored this plan element","","","","","","","","","",,,,,"",,,,"PlanElement.hasAuthor",1,*,"",""
"ReconciliationAct","ReconciliationAct.contains","ReconciliationAct.contains","","","",0,1,"","","","Reference {[]} {[CanonicalType[http://hl7.org/dam/StructureDefinition/CarePlanManifestation]]}
","The care plan manifestation containing this element","The care plan manifestation containing this element","","","","","","","","","",,,,,"",,,,"PlanElement.contains",0,1,"",""
"ReconciliationAct","ReconciliationAct.role","ReconciliationAct.role","","","",1,1,"","","","string {[]} {[]}
","Role in the reconciliation","Role in the reconciliation","","","","","","","","","",,,,,"",,,,"ReconciliationAct.role",1,1,"",""
"ReconciliationAct","ReconciliationAct.note","ReconciliationAct.note","","","",1,1,"","","","string {[]} {[]}
","Notes about the reconciliation act","Notes about the reconciliation act","","","","","","","","","",,,,,"",,,,"ReconciliationAct.note",1,1,"",""
"ReconciliationLog","ReconciliationLog","ReconciliationLog","","","",0,*,"","","","null {[]} {[]}
","Reconciliation Log","A log of reconciliation activities. Reconciliation merges versions of a plan maintained in different places or merges diverse specific plans into overarching plans.","","","","","","","","","",,,,,"",,,,"Base",0,*,"",""
"ReconciliationLog","ReconciliationLog.refersTo","ReconciliationLog.refersTo","","","",1,1,"","","","Reference {[]} {[CanonicalType[http://hl7.org/fhir/StructureDefinition/Patient]]}
","The patient this plan element pertains to","The patient this plan element pertains to","","","","","","","","","",,,,,"",,,,"PlanElement.refersTo",1,1,"",""
"ReconciliationLog","ReconciliationLog.hasAuthor","ReconciliationLog.hasAuthor","","","",1,*,"","","","Reference {[]} {[CanonicalType[http://hl7.org/dam/StructureDefinition/CareTeamMember]]}
","Who authored this plan element","Who authored this plan element","","","","","","","","","",,,,,"",,,,"PlanElement.hasAuthor",1,*,"",""
"ReconciliationLog","ReconciliationLog.contains","ReconciliationLog.contains","","","",0,1,"","","","Reference {[]} {[CanonicalType[http://hl7.org/dam/StructureDefinition/CarePlanManifestation]]}
","The care plan manifestation containing this element","The care plan manifestation containing this element","","","","","","","","","",,,,,"",,,,"PlanElement.contains",0,1,"",""
"ReconciliationLog","ReconciliationLog.date","ReconciliationLog.date","","","",1,1,"","","","dateTime {[]} {[]}
","Date of the reconciliation","Date of the reconciliation","","","","","","","","","",,,,,"",,,,"ReconciliationLog.date",1,1,"",""
"ReconciliationLog","ReconciliationLog.notes","ReconciliationLog.notes","","","",1,1,"","","","string {[]} {[]}
","Notes about the reconciliation","Notes about the reconciliation","","","","","","","","","",,,,,"",,,,"ReconciliationLog.notes",1,1,"",""
"ReconciliationLog","ReconciliationLog.aggregates","ReconciliationLog.aggregates","","","",1,*,"","","","Reference {[]} {[CanonicalType[http://hl7.org/dam/StructureDefinition/CarePlanManifestation]]}
","Care plan manifestations being aggregated","Care plan manifestations being aggregated","","","","","","","","","",,,,,"",,,,"ReconciliationLog.aggregates",1,*,"",""
"ReconciliationLog","ReconciliationLog.uses","ReconciliationLog.uses","","","",1,*,"","","","Reference {[]} {[CanonicalType[http://hl7.org/dam/StructureDefinition/ReconciliationAct]]}
","Reconciliation acts used","Reconciliation acts used","","","","","","","","","",,,,,"",,,,"ReconciliationLog.uses",1,*,"",""
"ReconciliationLog","ReconciliationLog.informs","ReconciliationLog.informs","","","",1,1,"","","","Reference {[]} {[CanonicalType[http://hl7.org/dam/StructureDefinition/CarePlanManifestation]]}
","Resulting care plan manifestation","Resulting care plan manifestation","","","","","","","","","",,,,,"",,,,"ReconciliationLog.informs",1,1,"",""
"ResourceRequirement","ResourceRequirement","ResourceRequirement","","","",0,*,"","","","null {[]} {[]}
","Resource Requirement","A requirement for resources to perform an activity","","","","","","","","","",,,,,"",,,,"Base",0,*,"",""
"ResourceRequirement","ResourceRequirement.refersTo","ResourceRequirement.refersTo","","","",1,1,"","","","Reference {[]} {[CanonicalType[http://hl7.org/fhir/StructureDefinition/Patient]]}
","The patient this plan element pertains to","The patient this plan element pertains to","","","","","","","","","",,,,,"",,,,"PlanElement.refersTo",1,1,"",""
"ResourceRequirement","ResourceRequirement.hasAuthor","ResourceRequirement.hasAuthor","","","",1,*,"","","","Reference {[]} {[CanonicalType[http://hl7.org/dam/StructureDefinition/CareTeamMember]]}
","Who authored this plan element","Who authored this plan element","","","","","","","","","",,,,,"",,,,"PlanElement.hasAuthor",1,*,"",""
"ResourceRequirement","ResourceRequirement.contains","ResourceRequirement.contains","","","",0,1,"","","","Reference {[]} {[CanonicalType[http://hl7.org/dam/StructureDefinition/CarePlanManifestation]]}
","The care plan manifestation containing this element","The care plan manifestation containing this element","","","","","","","","","",,,,,"",,,,"PlanElement.contains",0,1,"",""
"ResourceRequirement","ResourceRequirement.kind","ResourceRequirement.kind","","","",1,1,"","","","CodeableConcept {[]} {[]}
","Type of resource required","Type of resource required","","","","","","","","","",,,,,"",,,,"ResourceRequirement.kind",1,1,"",""
"ResourceRequirement","ResourceRequirement.quantity","ResourceRequirement.quantity","","","",1,1,"","","","Quantity {[]} {[]}
","Quantity required","Quantity required","","","","","","","","","",,,,,"",,,,"ResourceRequirement.quantity",1,1,"",""
"Review","Review","Review","","","",0,*,"","","","null {[]} {[]}
","Review","Abstract pattern for review activities","","","","","","","","","",,,,,"",,,,"Base",0,*,"",""
"Review","Review.order","Review.order","","","",1,1,"","","","integer {[]} {[]}
","Order within the parent composition","Order within the parent composition","","","","","","","","","",,,,,"",,,,"Composable.order",1,1,"",""
"Review","Review.constitutive","Review.constitutive","","","",1,1,"","","","code {[]} {[]}
","Whether this element is constitutive of the parent","Whether this element is constitutive of the parent","","","","","","","","","",,,,,"",,,,"Composable.constitutive",1,1,"",""
"Review","Review.partOf","Review.partOf","","","",0,1,"","","","Reference {[]} {[CanonicalType[http://hl7.org/dam/StructureDefinition/Composable]]}
","Parent composable element","Parent composable element","","","","","","","","","",,,,,"",,,,"Composable.partOf",0,1,"",""
"Review","Review.note","Review.note","","","",1,1,"","","","string {[]} {[]}
","Notes from the review","Notes from the review","","","","","","","","","",,,,,"",,,,"Review.note",1,1,"",""
"Revisable","Revisable","Revisable","","","",0,*,"","","","null {[]} {[]}
","Revisable","Abstract pattern for elements that can be revised over time","","","","","","","","","",,,,,"",,,,"Base",0,*,"",""
"Revisable","Revisable.substantive","Revisable.substantive","","","",1,1,"","","","code {[]} {[]}
","Whether the revision is substantive","Whether the revision is substantive","","","","","","","","","",,,,,"",,,,"Revisable.substantive",1,1,"",""
"Revisable","Revisable.revisionDate","Revisable.revisionDate","","","",1,1,"","","","dateTime {[]} {[]}
","Date of this revision","Date of this revision","","","","","","","","","",,,,,"",,,,"Revisable.revisionDate",1,1,"",""
"Revisable","Revisable.version","Revisable.version","","","",1,1,"","","","integer {[]} {[]}
","Version number","Version number","","","","","","","","","",,,,,"",,,,"Revisable.version",1,1,"",""
"Revisable","Revisable.revises","Revisable.revises","","","",0,1,"","","","Reference {[]} {[CanonicalType[http://hl7.org/dam/StructureDefinition/Revisable]]}
","Previous version being revised","Previous version being revised","","","","","","","","","",,,,,"",,,,"Revisable.revises",0,1,"",""
"Revisable","Revisable.basedOn","Revisable.basedOn","","","",0,*,"","","","Reference {[]} {[CanonicalType[http://hl7.org/dam/StructureDefinition/Review]]}
","Reviews that informed this revision","Reviews that informed this revision","","","","","","","","","",,,,,"",,,,"Revisable.basedOn",0,*,"",""
